{"stats":{"minecraft:picked_up":{"minecraft:stick":24,"minecraft:andesite":16,"minecraft:brown_terracotta":2,"minecraft:oak_log":9,"minecraft:lapis_lazuli":10,"minecraft:dirt":9,"minecraft:light_gray_terracotta":1,"minecraft:white_terracotta":1,"minecraft:oak_sapling":5,"minecraft:cobblestone":51},"minecraft:custom":{"minecraft:time_since_rest":5830,"minecraft:sprint_one_cm":11725,"minecraft:damage_taken":10,"minecraft:walk_one_cm":8168,"minecraft:drop":1,"minecraft:damage_dealt":0,"minecraft:interact_with_crafting_table":2,"minecraft:fly_one_cm":10651,"minecraft:crouch_one_cm":223,"minecraft:play_time":5830,"minecraft:sneak_time":360,"minecraft:jump":86,"minecraft:leave_game":1,"minecraft:time_since_death":5830,"minecraft:total_world_time":5830,"minecraft:fall_one_cm":2090},"minecraft:crafted":{"minecraft:oak_planks":36,"minecraft:crafting_table":1,"minecraft:wooden_pickaxe":1,"minecraft:stone_pickaxe":1,"minecraft:stone_sword":1,"minecraft:stone_axe":1},"minecraft:used":{"minecraft:brown_terracotta":2,"minecraft:stone_pickaxe":62,"minecraft:wooden_pickaxe":20,"minecraft:white_terracotta":1,"minecraft:crafting_table":1,"minecraft:oak_sapling":5,"minecraft:light_gray_terracotta":1},"minecraft:mined":{"minecraft:white_terracotta":1,"minecraft:andesite":16,"minecraft:light_gray_terracotta":1,"minecraft:grass_block":2,"minecraft:oak_log":9,"minecraft:dead_bush":22,"minecraft:dirt":7,"minecraft:brown_terracotta":2,"minecraft:lapis_ore":2,"minecraft:stone":51,"minecraft:oak_leaves":6},"minecraft:dropped":{"minecraft:andesite":16}},"DataVersion":3955}