{"stats":{"minecraft:picked_up":{"minecraft:crafting_table":6,"minecraft:feather":2,"minecraft:chicken":1,"minecraft:clay_ball":33,"minecraft:leather":3,"minecraft:brown_mushroom":40,"minecraft:smoker":3,"minecraft:string":1,"minecraft:dirt":37,"minecraft:blue_bed":1,"minecraft:moss_carpet":2,"minecraft:bone":3,"minecraft:wheat_seeds":3,"minecraft:cobbled_deepslate":2,"minecraft:iron_ingot":5,"minecraft:beef":4,"minecraft:calcite":5,"minecraft:azalea":2,"minecraft:moss_block":1,"minecraft:sugar_cane":2,"minecraft:furnace":12,"minecraft:smooth_basalt":6,"minecraft:stick":3,"minecraft:raw_iron":22,"minecraft:big_dripleaf":2,"minecraft:torch":4,"minecraft:gravel":1,"minecraft:porkchop":3,"minecraft:spruce_sapling":1,"minecraft:spruce_log":18,"minecraft:arrow":3,"minecraft:cobblestone":79,"minecraft:glow_berries":2,"minecraft:mutton":4,"minecraft:coal":66,"minecraft:white_wool":3},"minecraft:used":{"minecraft:water_bucket":3,"minecraft:stone_sword":39,"minecraft:stone_pickaxe":129,"minecraft:wooden_pickaxe":17,"minecraft:spruce_planks":4,"minecraft:shield":26,"minecraft:iron_sword":9,"minecraft:torch":20,"minecraft:dirt":16,"minecraft:crafting_table":7,"minecraft:smoker":2,"minecraft:wooden_axe":16,"minecraft:iron_axe":1,"minecraft:bread":11,"minecraft:iron_pickaxe":35,"minecraft:suspicious_stew":3,"minecraft:stone_axe":20,"minecraft:cobblestone":60,"minecraft:furnace":3,"minecraft:cooked_porkchop":1,"minecraft:bucket":4,"minecraft:cooked_beef":1,"minecraft:beetroot_soup":1},"minecraft:custom":{"minecraft:interact_with_furnace":23,"minecraft:mob_kills":15,"minecraft:interact_with_crafting_table":13,"minecraft:time_since_death":29422,"minecraft:climb_one_cm":50,"minecraft:time_since_rest":29422,"minecraft:sprint_one_cm":72291,"minecraft:damage_taken":996,"minecraft:walk_one_cm":54322,"minecraft:damage_blocked_by_shield":1320,"minecraft:drop":31,"minecraft:damage_dealt":3023,"minecraft:swim_one_cm":9045,"minecraft:talked_to_villager":1,"minecraft:fly_one_cm":124179,"minecraft:open_chest":7,"minecraft:crouch_one_cm":3479,"minecraft:play_time":29422,"minecraft:sneak_time":1646,"minecraft:walk_under_water_one_cm":3444,"minecraft:jump":704,"minecraft:walk_on_water_one_cm":7280,"minecraft:total_world_time":29422,"minecraft:interact_with_smoker":12,"minecraft:fall_one_cm":21266},"minecraft:mined":{"minecraft:brown_mushroom":42,"minecraft:smoker":3,"minecraft:clay":8,"minecraft:crafting_table":6,"minecraft:torch":2,"minecraft:short_grass":4,"minecraft:calcite":5,"minecraft:grass_block":4,"minecraft:dead_bush":1,"minecraft:cobblestone":4,"minecraft:spruce_leaves":8,"minecraft:moss_block":1,"minecraft:sugar_cane":1,"minecraft:diorite":2,"minecraft:wall_torch":2,"minecraft:blue_bed":1,"minecraft:furnace":12,"minecraft:carrots":1,"minecraft:iron_ore":16,"minecraft:spruce_log":18,"minecraft:moss_carpet":3,"minecraft:coal_ore":35,"minecraft:deepslate_iron_ore":6,"minecraft:dirt":12,"minecraft:smooth_basalt":6,"minecraft:azalea":2,"minecraft:stone":74,"minecraft:deepslate":2,"minecraft:fern":7},"minecraft:crafted":{"minecraft:cooked_beef":4,"minecraft:cooked_porkchop":3,"minecraft:crafting_table":2,"minecraft:spruce_planks":56,"minecraft:wooden_pickaxe":1,"minecraft:iron_sword":1,"minecraft:furnace":1,"minecraft:bucket":1,"minecraft:stone_axe":1,"minecraft:bread":5,"minecraft:cooked_mutton":4,"minecraft:air":0,"minecraft:iron_chestplate":1,"minecraft:shield":1,"minecraft:iron_axe":1,"minecraft:stick":24,"minecraft:iron_ingot":18,"minecraft:iron_pickaxe":1,"minecraft:stone_pickaxe":1,"minecraft:wooden_axe":1,"minecraft:stone_sword":1,"minecraft:torch":32,"minecraft:smoker":1},"minecraft:dropped":{"minecraft:gravel":1,"minecraft:stone_axe":1,"minecraft:moss_carpet":2,"minecraft:moss_block":1,"minecraft:wheat_seeds":2,"minecraft:stone_sword":1,"minecraft:bowl":4,"minecraft:chicken":1,"minecraft:glow_berries":2,"minecraft:clay_ball":27,"minecraft:leather_helmet":2,"minecraft:stick":2,"minecraft:big_dripleaf":2,"minecraft:dirt":21,"minecraft:wooden_axe":1,"minecraft:azalea":2,"minecraft:arrow":3,"minecraft:stone_pickaxe":1,"minecraft:wooden_pickaxe":1,"minecraft:spruce_sapling":1},"minecraft:killed":{"minecraft:pig":1,"minecraft:spider":1,"minecraft:iron_golem":1,"minecraft:sheep":3,"minecraft:skeleton":3,"minecraft:zombie":2,"minecraft:chicken":1,"minecraft:cow":3}},"DataVersion":3955}