{"stats":{"minecraft:mined":{"minecraft:furnace":1,"minecraft:iron_ore":2,"minecraft:crafting_table":2,"minecraft:short_grass":1,"minecraft:oak_log":28,"minecraft:coal_ore":8,"minecraft:dirt":1,"minecraft:copper_ore":2,"minecraft:stone":47,"minecraft:oak_leaves":13},"minecraft:used":{"minecraft:stone_pickaxe":57,"minecraft:wooden_pickaxe":3,"minecraft:stone_axe":38,"minecraft:dirt":1,"minecraft:crafting_table":3,"minecraft:furnace":1},"minecraft:custom":{"minecraft:time_since_rest":5468,"minecraft:interact_with_furnace":2,"minecraft:sprint_one_cm":10665,"minecraft:damage_taken":40,"minecraft:walk_one_cm":10450,"minecraft:mob_kills":3,"minecraft:drop":1,"minecraft:damage_dealt":310,"minecraft:interact_with_crafting_table":8,"minecraft:swim_one_cm":3947,"minecraft:fly_one_cm":17419,"minecraft:crouch_one_cm":477,"minecraft:play_time":5468,"minecraft:sneak_time":145,"minecraft:walk_under_water_one_cm":925,"minecraft:jump":90,"minecraft:time_since_death":5468,"minecraft:walk_on_water_one_cm":1798,"minecraft:total_world_time":5468,"minecraft:fall_one_cm":3721},"minecraft:crafted":{"minecraft:oak_planks":16,"minecraft:crafting_table":1,"minecraft:stick":8,"minecraft:wooden_pickaxe":1,"minecraft:stone_pickaxe":1,"minecraft:furnace":1,"minecraft:stone_axe":1},"minecraft:killed":{"minecraft:cow":3},"minecraft:dropped":{"minecraft:oak_planks":1},"minecraft:picked_up":{"minecraft:raw_iron":2,"minecraft:stick":1,"minecraft:crafting_table":2,"minecraft:leather":2,"minecraft:oak_log":28,"minecraft:dirt":1,"minecraft:raw_copper":5,"minecraft:beef":14,"minecraft:oak_planks":1,"minecraft:coal":15,"minecraft:cobblestone":47,"minecraft:furnace":1}},"DataVersion":3955}