{"stats":{"minecraft:picked_up":{"minecraft:crafting_table":7,"minecraft:nether_wart":41,"minecraft:chicken":1,"minecraft:clay_ball":41,"minecraft:brown_mushroom":47,"minecraft:gold_block":1,"minecraft:amethyst_block":6,"minecraft:string":4,"minecraft:moss_carpet":5,"minecraft:soul_soil":19,"minecraft:gold_nugget":36,"minecraft:cobbled_deepslate":152,"minecraft:spruce_planks":10,"minecraft:beef":24,"minecraft:calcite":16,"minecraft:azalea":2,"minecraft:sugar_cane":30,"minecraft:furnace":15,"minecraft:stick":3,"minecraft:raw_iron":76,"minecraft:big_dripleaf":2,"minecraft:torch":12,"minecraft:spruce_fence":1,"minecraft:porkchop":31,"minecraft:diorite":31,"minecraft:redstone":149,"minecraft:stone_sword":2,"minecraft:rotten_flesh":6,"minecraft:arrow":14,"minecraft:tropical_fish":1,"minecraft:nether_bricks":18,"minecraft:blaze_rod":2,"minecraft:bone_block":161,"minecraft:obsidian":6,"minecraft:mutton":6,"minecraft:glow_berries":5,"minecraft:white_wool":4,"minecraft:cobblestone":174,"minecraft:pink_petals":95,"minecraft:magma_cream":4,"minecraft:feather":2,"minecraft:brown_wool":1,"minecraft:leather":17,"minecraft:smoker":6,"minecraft:flint":1,"minecraft:tuff":6,"minecraft:lapis_lazuli":64,"minecraft:blue_bed":4,"minecraft:dirt":69,"minecraft:leather_boots":1,"minecraft:bone":19,"minecraft:wheat_seeds":7,"minecraft:raw_gold":19,"minecraft:grindstone":5,"minecraft:iron_ingot":5,"minecraft:fletching_table":1,"minecraft:soul_sand":40,"minecraft:flowering_azalea":1,"minecraft:moss_block":24,"minecraft:smooth_basalt":12,"minecraft:sweet_berries":80,"minecraft:quartz":24,"minecraft:gravel":23,"minecraft:spruce_sapling":5,"minecraft:nether_brick_stairs":1,"minecraft:blast_furnace":3,"minecraft:spruce_log":45,"minecraft:diamond":32,"minecraft:netherrack":172,"minecraft:coal":109},"minecraft:used":{"minecraft:moss_block":23,"minecraft:moss_carpet":1,"minecraft:enchanting_table":1,"minecraft:stone_sword":39,"minecraft:iron_shovel":81,"minecraft:flint_and_steel":10,"minecraft:redstone":1,"minecraft:chest":2,"minecraft:spruce_planks":13,"minecraft:shield":64,"minecraft:iron_sword":17,"minecraft:netherrack":165,"minecraft:torch":81,"minecraft:dirt":40,"minecraft:nether_bricks":18,"minecraft:tuff":5,"minecraft:obsidian":2,"minecraft:wooden_axe":16,"minecraft:flowering_azalea":1,"minecraft:lava_bucket":11,"minecraft:iron_axe":52,"minecraft:smooth_basalt":3,"minecraft:sweet_berries":45,"minecraft:soul_soil":15,"minecraft:furnace":15,"minecraft:cooked_beef":8,"minecraft:cobbled_deepslate":143,"minecraft:beetroot_soup":1,"minecraft:calcite":3,"minecraft:cooked_mutton":6,"minecraft:water_bucket":43,"minecraft:diorite":2,"minecraft:stone_pickaxe":129,"minecraft:wooden_pickaxe":17,"minecraft:blue_bed":4,"minecraft:glow_berries":2,"minecraft:crafting_table":10,"minecraft:blast_furnace":3,"minecraft:smoker":7,"minecraft:diamond_pickaxe":759,"minecraft:bread":14,"minecraft:suspicious_stew":3,"minecraft:iron_pickaxe":247,"minecraft:stone_axe":20,"minecraft:pink_petals":28,"minecraft:diamond_sword":194,"minecraft:cobblestone":109,"minecraft:cooked_porkchop":31,"minecraft:bucket":54},"minecraft:custom":{"minecraft:mob_kills":87,"minecraft:interact_with_crafting_table":35,"minecraft:time_since_death":143422,"minecraft:climb_one_cm":983,"minecraft:sprint_one_cm":344152,"minecraft:walk_one_cm":255782,"minecraft:damage_blocked_by_shield":3921,"minecraft:drop":75,"minecraft:talked_to_villager":1,"minecraft:play_time":143422,"minecraft:sneak_time":11696,"minecraft:walk_under_water_one_cm":17582,"minecraft:jump":3324,"minecraft:interact_with_blast_furnace":6,"minecraft:walk_on_water_one_cm":31271,"minecraft:enchant_item":7,"minecraft:total_world_time":143422,"minecraft:interact_with_furnace":67,"minecraft:sleep_in_bed":3,"minecraft:time_since_rest":41390,"minecraft:damage_taken":4975,"minecraft:damage_dealt":13117,"minecraft:swim_one_cm":48023,"minecraft:fly_one_cm":537041,"minecraft:open_chest":66,"minecraft:crouch_one_cm":36486,"minecraft:interact_with_smoker":56,"minecraft:fall_one_cm":90015},"minecraft:crafted":{"minecraft:furnace":1,"minecraft:cooked_mutton":6,"minecraft:flint_and_steel":1,"minecraft:diamond_helmet":1,"minecraft:diamond_leggings":1,"minecraft:iron_boots":1,"minecraft:iron_axe":1,"minecraft:stone_pickaxe":1,"minecraft:chest":2,"minecraft:diamond_boots":1,"minecraft:golden_boots":1,"minecraft:smoker":1,"minecraft:cooked_beef":24,"minecraft:diamond_sword":1,"minecraft:cooked_porkchop":31,"minecraft:crafting_table":4,"minecraft:enchanting_table":1,"minecraft:spruce_planks":136,"minecraft:iron_helmet":1,"minecraft:wooden_pickaxe":1,"minecraft:iron_sword":1,"minecraft:bucket":1,"minecraft:stone_axe":1,"minecraft:bread":5,"minecraft:air":0,"minecraft:book":1,"minecraft:paper":3,"minecraft:iron_chestplate":1,"minecraft:diamond_pickaxe":1,"minecraft:shield":2,"minecraft:stick":44,"minecraft:iron_ingot":76,"minecraft:iron_pickaxe":1,"minecraft:wooden_axe":1,"minecraft:stone_sword":1,"minecraft:iron_shovel":1,"minecraft:gold_ingot":10,"minecraft:iron_leggings":1,"minecraft:torch":84,"minecraft:diamond_chestplate":1},"minecraft:mined":{"minecraft:nether_gold_ore":8,"minecraft:tuff":6,"minecraft:spruce_planks":2,"minecraft:deepslate_diamond_ore":32,"minecraft:obsidian":6,"minecraft:nether_bricks":20,"minecraft:cave_vines_plant":2,"minecraft:budding_amethyst":1,"minecraft:spruce_fence":1,"minecraft:grass_block":22,"minecraft:soul_soil":5,"minecraft:spruce_leaves":26,"minecraft:moss_block":27,"minecraft:nether_wart":40,"minecraft:large_fern":4,"minecraft:furnace":15,"minecraft:carrots":1,"minecraft:fire":5,"minecraft:iron_ore":23,"minecraft:cobbled_deepslate":7,"minecraft:moss_carpet":3,"minecraft:fletching_table":1,"minecraft:deepslate_lapis_ore":2,"minecraft:nether_brick_stairs":1,"minecraft:gold_block":1,"minecraft:cave_vines":2,"minecraft:deepslate_iron_ore":54,"minecraft:vine":4,"minecraft:azalea":2,"minecraft:stone":170,"minecraft:bone_block":164,"minecraft:deepslate_redstone_ore":32,"minecraft:flowering_azalea":1,"minecraft:brown_mushroom":49,"minecraft:soul_sand":40,"minecraft:smoker":6,"minecraft:soul_fire":10,"minecraft:clay":10,"minecraft:crafting_table":7,"minecraft:torch":4,"minecraft:short_grass":22,"minecraft:blast_furnace":3,"minecraft:calcite":17,"minecraft:dead_bush":1,"minecraft:nether_quartz_ore":32,"minecraft:tall_grass":4,"minecraft:cobblestone":5,"minecraft:lapis_ore":10,"minecraft:deepslate_gold_ore":19,"minecraft:grindstone":5,"minecraft:sugar_cane":14,"minecraft:diorite":21,"minecraft:blue_bed":4,"minecraft:wall_torch":5,"minecraft:amethyst_block":7,"minecraft:pink_petals":8,"minecraft:sweet_berry_bush":58,"minecraft:spruce_log":46,"minecraft:coal_ore":69,"minecraft:gravel":23,"minecraft:dirt":30,"minecraft:smooth_basalt":12,"minecraft:netherrack":199,"minecraft:deepslate":155,"minecraft:fern":9},"minecraft:dropped":{"minecraft:nether_brick_stairs":1,"minecraft:iron_sword":1,"minecraft:moss_block":1,"minecraft:wheat_seeds":6,"minecraft:crafting_table":1,"minecraft:glow_berries":3,"minecraft:amethyst_block":6,"minecraft:tropical_fish":1,"minecraft:leather_helmet":2,"minecraft:stick":2,"minecraft:dirt":22,"minecraft:diorite":29,"minecraft:wooden_axe":1,"minecraft:iron_pickaxe":1,"minecraft:string":1,"minecraft:pink_petals":3,"minecraft:white_wool":4,"minecraft:spruce_sapling":1,"minecraft:redstone":21,"minecraft:smooth_basalt":9,"minecraft:gravel":8,"minecraft:moss_carpet":4,"minecraft:stone_axe":1,"minecraft:soul_soil":4,"minecraft:stone_sword":2,"minecraft:bowl":4,"minecraft:tuff":1,"minecraft:chicken":1,"minecraft:rotten_flesh":3,"minecraft:clay_ball":41,"minecraft:big_dripleaf":2,"minecraft:spruce_planks":3,"minecraft:iron_chestplate":1,"minecraft:leather_boots":2,"minecraft:azalea":2,"minecraft:arrow":4,"minecraft:wooden_pickaxe":1,"minecraft:stone_pickaxe":1,"minecraft:magma_cream":2,"minecraft:calcite":13,"minecraft:netherrack":6},"minecraft:killed":{"minecraft:spider":5,"minecraft:skeleton":13,"minecraft:chicken":1,"minecraft:magma_cube":7,"minecraft:pig":16,"minecraft:zombie_villager":1,"minecraft:rabbit":1,"minecraft:iron_golem":1,"minecraft:sheep":5,"minecraft:zombie":11,"minecraft:wither_skeleton":6,"minecraft:blaze":4,"minecraft:cow":14}},"DataVersion":3955}