{"stats":{"minecraft:picked_up":{"minecraft:crafting_table":4,"minecraft:feather":2,"minecraft:chicken":1,"minecraft:leather":3,"minecraft:brown_mushroom":40,"minecraft:smoker":2,"minecraft:dirt":24,"minecraft:blue_bed":1,"minecraft:moss_carpet":1,"minecraft:wheat_seeds":1,"minecraft:iron_ingot":5,"minecraft:beef":4,"minecraft:furnace":9,"minecraft:stick":3,"minecraft:raw_iron":9,"minecraft:porkchop":3,"minecraft:spruce_log":14,"minecraft:cobblestone":60,"minecraft:glow_berries":2,"minecraft:mutton":4,"minecraft:coal":40,"minecraft:white_wool":3},"minecraft:used":{"minecraft:stone_sword":25,"minecraft:stone_pickaxe":95,"minecraft:wooden_pickaxe":17,"minecraft:spruce_planks":4,"minecraft:shield":15,"minecraft:dirt":16,"minecraft:crafting_table":4,"minecraft:smoker":2,"minecraft:wooden_axe":16,"minecraft:bread":7,"minecraft:stone_axe":14,"minecraft:cobblestone":22},"minecraft:custom":{"minecraft:interact_with_furnace":1,"minecraft:mob_kills":10,"minecraft:interact_with_crafting_table":6,"minecraft:time_since_death":17422,"minecraft:time_since_rest":17422,"minecraft:sprint_one_cm":60211,"minecraft:damage_taken":346,"minecraft:walk_one_cm":37338,"minecraft:damage_blocked_by_shield":825,"minecraft:drop":5,"minecraft:damage_dealt":1982,"minecraft:swim_one_cm":1689,"minecraft:talked_to_villager":1,"minecraft:fly_one_cm":108781,"minecraft:open_chest":3,"minecraft:crouch_one_cm":1769,"minecraft:play_time":17422,"minecraft:sneak_time":803,"minecraft:walk_under_water_one_cm":1063,"minecraft:jump":531,"minecraft:walk_on_water_one_cm":2213,"minecraft:total_world_time":17422,"minecraft:interact_with_smoker":11,"minecraft:fall_one_cm":15137},"minecraft:mined":{"minecraft:brown_mushroom":42,"minecraft:smoker":2,"minecraft:crafting_table":4,"minecraft:short_grass":1,"minecraft:grass_block":4,"minecraft:dead_bush":1,"minecraft:spruce_leaves":7,"minecraft:blue_bed":1,"minecraft:furnace":9,"minecraft:carrots":1,"minecraft:iron_ore":9,"minecraft:spruce_log":14,"minecraft:moss_carpet":2,"minecraft:coal_ore":27,"minecraft:dirt":12,"minecraft:stone":60,"minecraft:fern":7},"minecraft:crafted":{"minecraft:cooked_beef":4,"minecraft:cooked_porkchop":1,"minecraft:crafting_table":1,"minecraft:spruce_planks":24,"minecraft:wooden_pickaxe":1,"minecraft:furnace":1,"minecraft:stone_axe":1,"minecraft:cooked_mutton":4,"minecraft:air":0,"minecraft:shield":1,"minecraft:stick":8,"minecraft:stone_pickaxe":1,"minecraft:wooden_axe":1,"minecraft:stone_sword":1,"minecraft:smoker":1},"minecraft:dropped":{"minecraft:wheat_seeds":1,"minecraft:chicken":1,"minecraft:stick":1,"minecraft:wooden_axe":1,"minecraft:wooden_pickaxe":1},"minecraft:killed":{"minecraft:pig":1,"minecraft:iron_golem":1,"minecraft:sheep":3,"minecraft:skeleton":1,"minecraft:chicken":1,"minecraft:cow":3}},"DataVersion":3955}