{"stats":{"minecraft:picked_up":{"minecraft:crafting_table":7,"minecraft:chicken":1,"minecraft:clay_ball":41,"minecraft:brown_mushroom":47,"minecraft:amethyst_block":6,"minecraft:string":1,"minecraft:moss_carpet":5,"minecraft:cobbled_deepslate":150,"minecraft:spruce_planks":10,"minecraft:beef":24,"minecraft:calcite":16,"minecraft:azalea":2,"minecraft:sugar_cane":30,"minecraft:furnace":15,"minecraft:stick":3,"minecraft:raw_iron":76,"minecraft:big_dripleaf":2,"minecraft:torch":11,"minecraft:spruce_fence":1,"minecraft:porkchop":31,"minecraft:diorite":31,"minecraft:redstone":149,"minecraft:rotten_flesh":3,"minecraft:arrow":5,"minecraft:tropical_fish":1,"minecraft:obsidian":6,"minecraft:mutton":6,"minecraft:glow_berries":5,"minecraft:white_wool":4,"minecraft:cobblestone":174,"minecraft:pink_petals":16,"minecraft:feather":2,"minecraft:brown_wool":1,"minecraft:leather":17,"minecraft:smoker":6,"minecraft:flint":1,"minecraft:tuff":6,"minecraft:lapis_lazuli":64,"minecraft:blue_bed":4,"minecraft:dirt":68,"minecraft:leather_boots":1,"minecraft:bone":7,"minecraft:wheat_seeds":5,"minecraft:raw_gold":19,"minecraft:grindstone":5,"minecraft:iron_ingot":5,"minecraft:fletching_table":1,"minecraft:flowering_azalea":1,"minecraft:moss_block":24,"minecraft:smooth_basalt":12,"minecraft:sweet_berries":77,"minecraft:gravel":18,"minecraft:spruce_sapling":5,"minecraft:blast_furnace":3,"minecraft:spruce_log":45,"minecraft:diamond":32,"minecraft:coal":107},"minecraft:used":{"minecraft:moss_block":23,"minecraft:moss_carpet":1,"minecraft:enchanting_table":1,"minecraft:stone_sword":39,"minecraft:iron_shovel":32,"minecraft:redstone":1,"minecraft:chest":2,"minecraft:spruce_planks":13,"minecraft:shield":34,"minecraft:iron_sword":17,"minecraft:torch":80,"minecraft:dirt":37,"minecraft:tuff":5,"minecraft:obsidian":2,"minecraft:wooden_axe":16,"minecraft:flowering_azalea":1,"minecraft:lava_bucket":11,"minecraft:iron_axe":52,"minecraft:smooth_basalt":3,"minecraft:sweet_berries":43,"minecraft:furnace":15,"minecraft:cooked_beef":2,"minecraft:cobbled_deepslate":51,"minecraft:beetroot_soup":1,"minecraft:calcite":3,"minecraft:cooked_mutton":6,"minecraft:water_bucket":40,"minecraft:diorite":2,"minecraft:stone_pickaxe":129,"minecraft:wooden_pickaxe":17,"minecraft:blue_bed":4,"minecraft:glow_berries":2,"minecraft:crafting_table":10,"minecraft:blast_furnace":3,"minecraft:smoker":7,"minecraft:diamond_pickaxe":332,"minecraft:bread":14,"minecraft:suspicious_stew":3,"minecraft:iron_pickaxe":247,"minecraft:stone_axe":20,"minecraft:pink_petals":16,"minecraft:diamond_sword":100,"minecraft:cobblestone":109,"minecraft:cooked_porkchop":3,"minecraft:bucket":52},"minecraft:custom":{"minecraft:mob_kills":52,"minecraft:interact_with_crafting_table":31,"minecraft:time_since_death":95422,"minecraft:climb_one_cm":983,"minecraft:sprint_one_cm":233489,"minecraft:walk_one_cm":162856,"minecraft:damage_blocked_by_shield":2265,"minecraft:drop":66,"minecraft:talked_to_villager":1,"minecraft:play_time":95422,"minecraft:sneak_time":5122,"minecraft:walk_under_water_one_cm":17456,"minecraft:jump":2203,"minecraft:interact_with_blast_furnace":6,"minecraft:walk_on_water_one_cm":29587,"minecraft:enchant_item":6,"minecraft:total_world_time":95422,"minecraft:interact_with_furnace":67,"minecraft:sleep_in_bed":2,"minecraft:time_since_rest":14601,"minecraft:damage_taken":1995,"minecraft:damage_dealt":7503,"minecraft:swim_one_cm":45209,"minecraft:fly_one_cm":337100,"minecraft:open_chest":45,"minecraft:crouch_one_cm":11794,"minecraft:interact_with_smoker":43,"minecraft:fall_one_cm":59898},"minecraft:crafted":{"minecraft:furnace":1,"minecraft:cooked_mutton":6,"minecraft:diamond_helmet":1,"minecraft:diamond_leggings":1,"minecraft:iron_boots":1,"minecraft:iron_axe":1,"minecraft:stone_pickaxe":1,"minecraft:chest":2,"minecraft:diamond_boots":1,"minecraft:smoker":1,"minecraft:cooked_beef":20,"minecraft:diamond_sword":1,"minecraft:cooked_porkchop":17,"minecraft:crafting_table":4,"minecraft:enchanting_table":1,"minecraft:spruce_planks":136,"minecraft:iron_helmet":1,"minecraft:wooden_pickaxe":1,"minecraft:iron_sword":1,"minecraft:bucket":1,"minecraft:stone_axe":1,"minecraft:bread":5,"minecraft:air":0,"minecraft:book":1,"minecraft:paper":3,"minecraft:iron_chestplate":1,"minecraft:diamond_pickaxe":1,"minecraft:shield":1,"minecraft:stick":44,"minecraft:iron_ingot":76,"minecraft:iron_pickaxe":1,"minecraft:wooden_axe":1,"minecraft:stone_sword":1,"minecraft:iron_shovel":1,"minecraft:gold_ingot":10,"minecraft:iron_leggings":1,"minecraft:torch":84,"minecraft:diamond_chestplate":1},"minecraft:mined":{"minecraft:tuff":6,"minecraft:spruce_planks":2,"minecraft:deepslate_diamond_ore":32,"minecraft:obsidian":6,"minecraft:cave_vines_plant":2,"minecraft:budding_amethyst":1,"minecraft:spruce_fence":1,"minecraft:grass_block":22,"minecraft:spruce_leaves":26,"minecraft:moss_block":27,"minecraft:large_fern":4,"minecraft:furnace":15,"minecraft:carrots":1,"minecraft:iron_ore":23,"minecraft:cobbled_deepslate":5,"minecraft:moss_carpet":3,"minecraft:fletching_table":1,"minecraft:deepslate_lapis_ore":2,"minecraft:cave_vines":2,"minecraft:deepslate_iron_ore":54,"minecraft:vine":4,"minecraft:azalea":2,"minecraft:stone":170,"minecraft:deepslate_redstone_ore":32,"minecraft:flowering_azalea":1,"minecraft:brown_mushroom":49,"minecraft:smoker":6,"minecraft:clay":10,"minecraft:crafting_table":7,"minecraft:torch":4,"minecraft:short_grass":17,"minecraft:blast_furnace":3,"minecraft:calcite":17,"minecraft:dead_bush":1,"minecraft:tall_grass":4,"minecraft:cobblestone":5,"minecraft:lapis_ore":10,"minecraft:deepslate_gold_ore":19,"minecraft:grindstone":5,"minecraft:sugar_cane":14,"minecraft:diorite":21,"minecraft:blue_bed":4,"minecraft:wall_torch":4,"minecraft:amethyst_block":7,"minecraft:pink_petals":5,"minecraft:sweet_berry_bush":55,"minecraft:spruce_log":46,"minecraft:coal_ore":69,"minecraft:gravel":18,"minecraft:dirt":29,"minecraft:smooth_basalt":12,"minecraft:deepslate":155,"minecraft:fern":9},"minecraft:dropped":{"minecraft:iron_sword":1,"minecraft:moss_block":1,"minecraft:wheat_seeds":5,"minecraft:crafting_table":1,"minecraft:glow_berries":3,"minecraft:amethyst_block":6,"minecraft:tropical_fish":1,"minecraft:leather_helmet":2,"minecraft:stick":2,"minecraft:dirt":22,"minecraft:diorite":29,"minecraft:wooden_axe":1,"minecraft:iron_pickaxe":1,"minecraft:string":1,"minecraft:white_wool":4,"minecraft:spruce_sapling":1,"minecraft:redstone":21,"minecraft:smooth_basalt":9,"minecraft:gravel":8,"minecraft:moss_carpet":4,"minecraft:stone_axe":1,"minecraft:stone_sword":1,"minecraft:bowl":4,"minecraft:tuff":1,"minecraft:chicken":1,"minecraft:rotten_flesh":3,"minecraft:clay_ball":41,"minecraft:big_dripleaf":2,"minecraft:spruce_planks":3,"minecraft:iron_chestplate":1,"minecraft:leather_boots":2,"minecraft:azalea":2,"minecraft:arrow":4,"minecraft:wooden_pickaxe":1,"minecraft:stone_pickaxe":1,"minecraft:calcite":13},"minecraft:killed":{"minecraft:spider":2,"minecraft:skeleton":5,"minecraft:chicken":1,"minecraft:pig":16,"minecraft:zombie_villager":1,"minecraft:rabbit":1,"minecraft:iron_golem":1,"minecraft:sheep":5,"minecraft:zombie":5,"minecraft:cow":14}},"DataVersion":3955}