{"stats":{"minecraft:picked_up":{"minecraft:crafting_table":1,"minecraft:apple":1,"minecraft:oak_log":14,"minecraft:oak_sapling":1,"minecraft:sugar_cane":8,"minecraft:dirt":5,"minecraft:cobblestone":59},"minecraft:used":{"minecraft:stone_axe":14,"minecraft:crafting_table":2,"minecraft:oak_sapling":1,"minecraft:stone_pickaxe":36,"minecraft:wooden_pickaxe":29},"minecraft:custom":{"minecraft:time_since_rest":5459,"minecraft:crouch_one_cm":144,"minecraft:sprint_one_cm":11562,"minecraft:play_time":5459,"minecraft:damage_taken":10,"minecraft:walk_one_cm":7549,"minecraft:sneak_time":91,"minecraft:walk_under_water_one_cm":163,"minecraft:jump":87,"minecraft:walk_on_water_one_cm":540,"minecraft:leave_game":1,"minecraft:time_since_death":5459,"minecraft:total_world_time":5459,"minecraft:swim_one_cm":1879,"minecraft:interact_with_crafting_table":2,"minecraft:fall_one_cm":1231,"minecraft:fly_one_cm":14040},"minecraft:mined":{"minecraft:grass_block":1,"minecraft:oak_log":15,"minecraft:dirt":4,"minecraft:stone":59,"minecraft:crafting_table":1,"minecraft:sugar_cane":4,"minecraft:oak_leaves":6},"minecraft:crafted":{"minecraft:stone_sword":1,"minecraft:oak_planks":16,"minecraft:stone_axe":1,"minecraft:crafting_table":2,"minecraft:stick":8,"minecraft:stone_pickaxe":1,"minecraft:wooden_pickaxe":1}},"DataVersion":3955}