{"stats":{"minecraft:picked_up":{"minecraft:stick":2,"minecraft:crafting_table":3,"minecraft:spruce_log":6,"minecraft:blue_bed":1,"minecraft:dirt":16,"minecraft:iron_ingot":5,"minecraft:cobblestone":49,"minecraft:furnace":1},"minecraft:used":{"minecraft:wooden_axe":16,"minecraft:stone_pickaxe":38,"minecraft:spruce_planks":4,"minecraft:wooden_pickaxe":17,"minecraft:stone_axe":2,"minecraft:dirt":3,"minecraft:crafting_table":3},"minecraft:custom":{"minecraft:time_since_rest":5422,"minecraft:sprint_one_cm":8452,"minecraft:walk_one_cm":7614,"minecraft:mob_kills":1,"minecraft:drop":1,"minecraft:damage_dealt":1006,"minecraft:swim_one_cm":66,"minecraft:interact_with_crafting_table":3,"minecraft:fly_one_cm":21885,"minecraft:crouch_one_cm":1072,"minecraft:play_time":5422,"minecraft:sneak_time":425,"minecraft:walk_under_water_one_cm":969,"minecraft:jump":114,"minecraft:walk_on_water_one_cm":707,"minecraft:time_since_death":5422,"minecraft:total_world_time":5422,"minecraft:fall_one_cm":1732},"minecraft:crafted":{"minecraft:shield":1,"minecraft:crafting_table":1,"minecraft:spruce_planks":24,"minecraft:stick":8,"minecraft:wooden_pickaxe":1,"minecraft:stone_pickaxe":1,"minecraft:wooden_axe":1,"minecraft:stone_sword":1,"minecraft:stone_axe":1},"minecraft:mined":{"minecraft:furnace":1,"minecraft:spruce_log":6,"minecraft:crafting_table":3,"minecraft:grass_block":4,"minecraft:dirt":12,"minecraft:spruce_leaves":4,"minecraft:stone":49,"minecraft:blue_bed":1},"minecraft:dropped":{"minecraft:stick":1},"minecraft:killed":{"minecraft:iron_golem":1}},"DataVersion":3955}