{"stats":{"minecraft:picked_up":{"minecraft:crafting_table":7,"minecraft:chicken":1,"minecraft:clay_ball":41,"minecraft:brown_mushroom":47,"minecraft:amethyst_block":6,"minecraft:string":1,"minecraft:moss_carpet":5,"minecraft:cobbled_deepslate":150,"minecraft:spruce_planks":2,"minecraft:beef":11,"minecraft:calcite":16,"minecraft:azalea":2,"minecraft:sugar_cane":16,"minecraft:furnace":15,"minecraft:stick":3,"minecraft:raw_iron":76,"minecraft:big_dripleaf":2,"minecraft:torch":11,"minecraft:porkchop":16,"minecraft:diorite":31,"minecraft:redstone":149,"minecraft:rotten_flesh":1,"minecraft:arrow":4,"minecraft:tropical_fish":1,"minecraft:mutton":5,"minecraft:glow_berries":5,"minecraft:white_wool":4,"minecraft:cobblestone":162,"minecraft:feather":2,"minecraft:leather":5,"minecraft:smoker":5,"minecraft:tuff":6,"minecraft:lapis_lazuli":64,"minecraft:blue_bed":4,"minecraft:dirt":38,"minecraft:leather_boots":1,"minecraft:bone":5,"minecraft:wheat_seeds":4,"minecraft:raw_gold":19,"minecraft:iron_ingot":5,"minecraft:flowering_azalea":1,"minecraft:moss_block":24,"minecraft:smooth_basalt":12,"minecraft:sweet_berries":59,"minecraft:gravel":8,"minecraft:spruce_sapling":5,"minecraft:blast_furnace":1,"minecraft:spruce_log":45,"minecraft:diamond":32,"minecraft:coal":107},"minecraft:used":{"minecraft:moss_block":23,"minecraft:moss_carpet":1,"minecraft:stone_sword":39,"minecraft:redstone":1,"minecraft:spruce_planks":13,"minecraft:shield":31,"minecraft:iron_sword":17,"minecraft:torch":78,"minecraft:dirt":16,"minecraft:tuff":5,"minecraft:wooden_axe":16,"minecraft:flowering_azalea":1,"minecraft:iron_axe":45,"minecraft:smooth_basalt":3,"minecraft:sweet_berries":9,"minecraft:furnace":6,"minecraft:cooked_beef":1,"minecraft:cobbled_deepslate":51,"minecraft:beetroot_soup":1,"minecraft:calcite":3,"minecraft:cooked_mutton":5,"minecraft:water_bucket":33,"minecraft:diorite":2,"minecraft:stone_pickaxe":129,"minecraft:wooden_pickaxe":17,"minecraft:blue_bed":3,"minecraft:glow_berries":2,"minecraft:crafting_table":9,"minecraft:smoker":4,"minecraft:diamond_pickaxe":301,"minecraft:bread":14,"minecraft:suspicious_stew":3,"minecraft:iron_pickaxe":247,"minecraft:stone_axe":20,"minecraft:diamond_sword":42,"minecraft:cobblestone":109,"minecraft:cooked_porkchop":3,"minecraft:bucket":34},"minecraft:custom":{"minecraft:mob_kills":30,"minecraft:interact_with_crafting_table":18,"minecraft:time_since_death":71422,"minecraft:climb_one_cm":983,"minecraft:sprint_one_cm":173346,"minecraft:walk_one_cm":123772,"minecraft:damage_blocked_by_shield":2055,"minecraft:drop":60,"minecraft:talked_to_villager":1,"minecraft:play_time":71422,"minecraft:sneak_time":4417,"minecraft:walk_under_water_one_cm":16840,"minecraft:jump":1676,"minecraft:walk_on_water_one_cm":24362,"minecraft:total_world_time":71422,"minecraft:interact_with_furnace":54,"minecraft:sleep_in_bed":1,"minecraft:time_since_rest":8842,"minecraft:damage_taken":1684,"minecraft:damage_dealt":4981,"minecraft:swim_one_cm":34823,"minecraft:fly_one_cm":234690,"minecraft:open_chest":11,"minecraft:crouch_one_cm":9785,"minecraft:interact_with_smoker":21,"minecraft:fall_one_cm":43790},"minecraft:crafted":{"minecraft:furnace":1,"minecraft:cooked_mutton":5,"minecraft:iron_boots":1,"minecraft:iron_axe":1,"minecraft:stone_pickaxe":1,"minecraft:smoker":1,"minecraft:cooked_beef":8,"minecraft:diamond_sword":1,"minecraft:cooked_porkchop":3,"minecraft:crafting_table":3,"minecraft:spruce_planks":56,"minecraft:iron_helmet":1,"minecraft:wooden_pickaxe":1,"minecraft:iron_sword":1,"minecraft:bucket":1,"minecraft:stone_axe":1,"minecraft:bread":5,"minecraft:air":0,"minecraft:iron_chestplate":1,"minecraft:diamond_pickaxe":1,"minecraft:shield":1,"minecraft:stick":36,"minecraft:iron_ingot":63,"minecraft:iron_pickaxe":1,"minecraft:wooden_axe":1,"minecraft:stone_sword":1,"minecraft:iron_leggings":1,"minecraft:torch":68,"minecraft:diamond_chestplate":1},"minecraft:mined":{"minecraft:tuff":6,"minecraft:spruce_planks":2,"minecraft:deepslate_diamond_ore":32,"minecraft:cave_vines_plant":2,"minecraft:budding_amethyst":1,"minecraft:grass_block":6,"minecraft:spruce_leaves":26,"minecraft:moss_block":27,"minecraft:large_fern":2,"minecraft:furnace":15,"minecraft:carrots":1,"minecraft:iron_ore":23,"minecraft:cobbled_deepslate":5,"minecraft:moss_carpet":3,"minecraft:fletching_table":1,"minecraft:deepslate_lapis_ore":2,"minecraft:cave_vines":2,"minecraft:deepslate_iron_ore":54,"minecraft:vine":4,"minecraft:azalea":2,"minecraft:stone":158,"minecraft:deepslate_redstone_ore":32,"minecraft:flowering_azalea":1,"minecraft:brown_mushroom":49,"minecraft:smoker":5,"minecraft:clay":10,"minecraft:crafting_table":7,"minecraft:torch":4,"minecraft:short_grass":5,"minecraft:blast_furnace":1,"minecraft:calcite":17,"minecraft:dead_bush":1,"minecraft:tall_grass":1,"minecraft:cobblestone":5,"minecraft:lapis_ore":10,"minecraft:deepslate_gold_ore":19,"minecraft:sugar_cane":9,"minecraft:diorite":21,"minecraft:blue_bed":4,"minecraft:wall_torch":4,"minecraft:amethyst_block":7,"minecraft:sweet_berry_bush":26,"minecraft:spruce_log":46,"minecraft:coal_ore":69,"minecraft:gravel":7,"minecraft:dirt":15,"minecraft:smooth_basalt":12,"minecraft:deepslate":155,"minecraft:fern":7},"minecraft:dropped":{"minecraft:iron_sword":1,"minecraft:moss_block":1,"minecraft:wheat_seeds":4,"minecraft:glow_berries":3,"minecraft:amethyst_block":6,"minecraft:tropical_fish":1,"minecraft:leather_helmet":2,"minecraft:stick":2,"minecraft:dirt":22,"minecraft:diorite":29,"minecraft:wooden_axe":1,"minecraft:iron_pickaxe":1,"minecraft:string":1,"minecraft:spruce_sapling":1,"minecraft:redstone":21,"minecraft:smooth_basalt":9,"minecraft:gravel":8,"minecraft:moss_carpet":4,"minecraft:stone_axe":1,"minecraft:stone_sword":1,"minecraft:bowl":4,"minecraft:tuff":1,"minecraft:chicken":1,"minecraft:rotten_flesh":1,"minecraft:clay_ball":41,"minecraft:big_dripleaf":2,"minecraft:iron_chestplate":1,"minecraft:leather_boots":2,"minecraft:azalea":2,"minecraft:arrow":4,"minecraft:wooden_pickaxe":1,"minecraft:stone_pickaxe":1,"minecraft:calcite":13},"minecraft:killed":{"minecraft:spider":1,"minecraft:skeleton":4,"minecraft:chicken":1,"minecraft:pig":7,"minecraft:zombie_villager":1,"minecraft:rabbit":1,"minecraft:iron_golem":1,"minecraft:sheep":4,"minecraft:zombie":3,"minecraft:cow":6}},"DataVersion":3955}