{"stats":{"minecraft:picked_up":{"minecraft:crafting_table":6,"minecraft:feather":2,"minecraft:chicken":1,"minecraft:clay_ball":37,"minecraft:leather":3,"minecraft:brown_mushroom":40,"minecraft:smoker":3,"minecraft:tuff":4,"minecraft:amethyst_block":6,"minecraft:string":1,"minecraft:dirt":37,"minecraft:blue_bed":1,"minecraft:moss_carpet":5,"minecraft:bone":3,"minecraft:wheat_seeds":4,"minecraft:cobbled_deepslate":23,"minecraft:raw_gold":11,"minecraft:iron_ingot":5,"minecraft:beef":4,"minecraft:calcite":16,"minecraft:azalea":2,"minecraft:moss_block":22,"minecraft:sugar_cane":2,"minecraft:furnace":12,"minecraft:smooth_basalt":12,"minecraft:stick":3,"minecraft:raw_iron":47,"minecraft:big_dripleaf":2,"minecraft:torch":5,"minecraft:gravel":1,"minecraft:porkchop":3,"minecraft:spruce_sapling":1,"minecraft:spruce_log":18,"minecraft:redstone":78,"minecraft:arrow":3,"minecraft:tropical_fish":1,"minecraft:diamond":8,"minecraft:cobblestone":79,"minecraft:glow_berries":5,"minecraft:mutton":4,"minecraft:coal":66,"minecraft:white_wool":3},"minecraft:used":{"minecraft:calcite":3,"minecraft:moss_carpet":1,"minecraft:moss_block":21,"minecraft:water_bucket":29,"minecraft:stone_sword":39,"minecraft:stone_pickaxe":129,"minecraft:wooden_pickaxe":17,"minecraft:spruce_planks":4,"minecraft:shield":26,"minecraft:iron_sword":10,"minecraft:torch":30,"minecraft:dirt":16,"minecraft:crafting_table":8,"minecraft:tuff":4,"minecraft:smoker":2,"minecraft:wooden_axe":16,"minecraft:iron_axe":1,"minecraft:bread":14,"minecraft:iron_pickaxe":171,"minecraft:suspicious_stew":3,"minecraft:smooth_basalt":3,"minecraft:stone_axe":20,"minecraft:cobblestone":63,"minecraft:furnace":3,"minecraft:cooked_porkchop":2,"minecraft:bucket":30,"minecraft:cobbled_deepslate":15,"minecraft:cooked_beef":1,"minecraft:beetroot_soup":1},"minecraft:custom":{"minecraft:interact_with_furnace":23,"minecraft:mob_kills":15,"minecraft:interact_with_crafting_table":13,"minecraft:time_since_death":41422,"minecraft:climb_one_cm":685,"minecraft:time_since_rest":41422,"minecraft:sprint_one_cm":94758,"minecraft:damage_taken":1116,"minecraft:walk_one_cm":73037,"minecraft:damage_blocked_by_shield":1320,"minecraft:drop":44,"minecraft:damage_dealt":3023,"minecraft:swim_one_cm":12311,"minecraft:talked_to_villager":1,"minecraft:fly_one_cm":142093,"minecraft:open_chest":7,"minecraft:crouch_one_cm":8396,"minecraft:play_time":41422,"minecraft:sneak_time":3744,"minecraft:walk_under_water_one_cm":9437,"minecraft:jump":964,"minecraft:walk_on_water_one_cm":18575,"minecraft:total_world_time":41422,"minecraft:interact_with_smoker":12,"minecraft:fall_one_cm":27136},"minecraft:mined":{"minecraft:deepslate_redstone_ore":17,"minecraft:tuff":4,"minecraft:brown_mushroom":42,"minecraft:deepslate_diamond_ore":8,"minecraft:smoker":3,"minecraft:cave_vines_plant":2,"minecraft:clay":9,"minecraft:crafting_table":6,"minecraft:torch":2,"minecraft:budding_amethyst":1,"minecraft:short_grass":5,"minecraft:calcite":17,"minecraft:grass_block":4,"minecraft:dead_bush":1,"minecraft:cobblestone":4,"minecraft:deepslate_gold_ore":11,"minecraft:spruce_leaves":8,"minecraft:moss_block":24,"minecraft:sugar_cane":1,"minecraft:diorite":2,"minecraft:wall_torch":2,"minecraft:blue_bed":1,"minecraft:amethyst_block":7,"minecraft:furnace":12,"minecraft:carrots":1,"minecraft:cobbled_deepslate":1,"minecraft:iron_ore":16,"minecraft:spruce_log":18,"minecraft:moss_carpet":3,"minecraft:coal_ore":35,"minecraft:cave_vines":2,"minecraft:deepslate_iron_ore":33,"minecraft:vine":4,"minecraft:dirt":12,"minecraft:smooth_basalt":12,"minecraft:azalea":2,"minecraft:stone":74,"minecraft:deepslate":24,"minecraft:fern":7},"minecraft:crafted":{"minecraft:cooked_beef":4,"minecraft:cooked_porkchop":3,"minecraft:crafting_table":2,"minecraft:spruce_planks":56,"minecraft:wooden_pickaxe":1,"minecraft:iron_sword":1,"minecraft:furnace":1,"minecraft:bucket":1,"minecraft:stone_axe":1,"minecraft:bread":5,"minecraft:cooked_mutton":4,"minecraft:air":0,"minecraft:iron_chestplate":1,"minecraft:shield":1,"minecraft:iron_axe":1,"minecraft:stick":24,"minecraft:iron_ingot":18,"minecraft:iron_pickaxe":1,"minecraft:stone_pickaxe":1,"minecraft:wooden_axe":1,"minecraft:stone_sword":1,"minecraft:torch":32,"minecraft:smoker":1},"minecraft:dropped":{"minecraft:gravel":1,"minecraft:stone_axe":1,"minecraft:moss_carpet":4,"minecraft:moss_block":1,"minecraft:wheat_seeds":4,"minecraft:stone_sword":1,"minecraft:bowl":4,"minecraft:chicken":1,"minecraft:glow_berries":3,"minecraft:clay_ball":37,"minecraft:amethyst_block":6,"minecraft:tropical_fish":1,"minecraft:leather_helmet":2,"minecraft:stick":2,"minecraft:big_dripleaf":2,"minecraft:dirt":21,"minecraft:wooden_axe":1,"minecraft:azalea":2,"minecraft:arrow":3,"minecraft:stone_pickaxe":1,"minecraft:wooden_pickaxe":1,"minecraft:calcite":13,"minecraft:smooth_basalt":9,"minecraft:spruce_sapling":1},"minecraft:killed":{"minecraft:pig":1,"minecraft:spider":1,"minecraft:iron_golem":1,"minecraft:sheep":3,"minecraft:skeleton":3,"minecraft:zombie":2,"minecraft:chicken":1,"minecraft:cow":3}},"DataVersion":3955}