{"stats":{"minecraft:picked_up":{"minecraft:crafting_table":7,"minecraft:chicken":1,"minecraft:clay_ball":37,"minecraft:brown_mushroom":40,"minecraft:amethyst_block":6,"minecraft:string":1,"minecraft:moss_carpet":5,"minecraft:cobbled_deepslate":53,"minecraft:beef":4,"minecraft:calcite":16,"minecraft:azalea":2,"minecraft:sugar_cane":2,"minecraft:furnace":14,"minecraft:stick":3,"minecraft:raw_iron":63,"minecraft:big_dripleaf":2,"minecraft:torch":6,"minecraft:porkchop":3,"minecraft:redstone":149,"minecraft:rotten_flesh":1,"minecraft:arrow":3,"minecraft:tropical_fish":1,"minecraft:mutton":4,"minecraft:glow_berries":5,"minecraft:white_wool":3,"minecraft:cobblestone":79,"minecraft:feather":2,"minecraft:leather":3,"minecraft:smoker":3,"minecraft:tuff":6,"minecraft:blue_bed":1,"minecraft:dirt":37,"minecraft:leather_boots":1,"minecraft:bone":4,"minecraft:wheat_seeds":4,"minecraft:raw_gold":19,"minecraft:iron_ingot":5,"minecraft:flowering_azalea":1,"minecraft:moss_block":24,"minecraft:smooth_basalt":12,"minecraft:gravel":1,"minecraft:spruce_sapling":1,"minecraft:spruce_log":18,"minecraft:diamond":28,"minecraft:coal":71},"minecraft:used":{"minecraft:moss_block":23,"minecraft:moss_carpet":1,"minecraft:stone_sword":39,"minecraft:spruce_planks":4,"minecraft:shield":27,"minecraft:iron_sword":17,"minecraft:torch":70,"minecraft:dirt":16,"minecraft:tuff":5,"minecraft:wooden_axe":16,"minecraft:flowering_azalea":1,"minecraft:iron_axe":2,"minecraft:smooth_basalt":3,"minecraft:furnace":6,"minecraft:cooked_beef":1,"minecraft:cobbled_deepslate":45,"minecraft:beetroot_soup":1,"minecraft:calcite":3,"minecraft:cooked_mutton":3,"minecraft:water_bucket":30,"minecraft:stone_pickaxe":129,"minecraft:wooden_pickaxe":17,"minecraft:crafting_table":9,"minecraft:smoker":2,"minecraft:diamond_pickaxe":28,"minecraft:bread":14,"minecraft:suspicious_stew":3,"minecraft:iron_pickaxe":247,"minecraft:stone_axe":20,"minecraft:diamond_sword":2,"minecraft:cobblestone":63,"minecraft:cooked_porkchop":3,"minecraft:bucket":31},"minecraft:custom":{"minecraft:mob_kills":17,"minecraft:interact_with_crafting_table":18,"minecraft:time_since_death":53422,"minecraft:climb_one_cm":983,"minecraft:sprint_one_cm":126300,"minecraft:walk_one_cm":93078,"minecraft:damage_blocked_by_shield":1365,"minecraft:drop":51,"minecraft:talked_to_villager":1,"minecraft:play_time":53422,"minecraft:sneak_time":4130,"minecraft:walk_under_water_one_cm":9943,"minecraft:jump":1279,"minecraft:walk_on_water_one_cm":21192,"minecraft:total_world_time":53422,"minecraft:interact_with_furnace":53,"minecraft:time_since_rest":53422,"minecraft:damage_taken":1381,"minecraft:damage_dealt":3455,"minecraft:swim_one_cm":12311,"minecraft:fly_one_cm":183110,"minecraft:open_chest":7,"minecraft:crouch_one_cm":9070,"minecraft:interact_with_smoker":12,"minecraft:fall_one_cm":37448},"minecraft:crafted":{"minecraft:furnace":1,"minecraft:cooked_mutton":4,"minecraft:iron_boots":1,"minecraft:iron_axe":1,"minecraft:stone_pickaxe":1,"minecraft:smoker":1,"minecraft:cooked_beef":4,"minecraft:diamond_sword":1,"minecraft:cooked_porkchop":3,"minecraft:crafting_table":3,"minecraft:spruce_planks":56,"minecraft:iron_helmet":1,"minecraft:wooden_pickaxe":1,"minecraft:iron_sword":1,"minecraft:bucket":1,"minecraft:stone_axe":1,"minecraft:bread":5,"minecraft:air":0,"minecraft:iron_chestplate":1,"minecraft:diamond_pickaxe":1,"minecraft:shield":1,"minecraft:stick":36,"minecraft:iron_ingot":59,"minecraft:iron_pickaxe":1,"minecraft:wooden_axe":1,"minecraft:stone_sword":1,"minecraft:iron_leggings":1,"minecraft:torch":64,"minecraft:diamond_chestplate":1},"minecraft:mined":{"minecraft:tuff":6,"minecraft:deepslate_diamond_ore":28,"minecraft:cave_vines_plant":2,"minecraft:budding_amethyst":1,"minecraft:grass_block":4,"minecraft:spruce_leaves":8,"minecraft:moss_block":27,"minecraft:furnace":14,"minecraft:carrots":1,"minecraft:iron_ore":16,"minecraft:cobbled_deepslate":2,"minecraft:moss_carpet":3,"minecraft:cave_vines":2,"minecraft:deepslate_iron_ore":48,"minecraft:vine":4,"minecraft:azalea":2,"minecraft:stone":74,"minecraft:deepslate_redstone_ore":32,"minecraft:flowering_azalea":1,"minecraft:brown_mushroom":42,"minecraft:smoker":3,"minecraft:clay":9,"minecraft:crafting_table":7,"minecraft:torch":3,"minecraft:short_grass":5,"minecraft:calcite":17,"minecraft:dead_bush":1,"minecraft:tall_grass":1,"minecraft:cobblestone":4,"minecraft:deepslate_gold_ore":19,"minecraft:sugar_cane":1,"minecraft:diorite":2,"minecraft:blue_bed":1,"minecraft:wall_torch":2,"minecraft:amethyst_block":7,"minecraft:spruce_log":18,"minecraft:coal_ore":35,"minecraft:dirt":12,"minecraft:smooth_basalt":12,"minecraft:deepslate":60,"minecraft:fern":7},"minecraft:dropped":{"minecraft:iron_sword":1,"minecraft:moss_block":1,"minecraft:wheat_seeds":4,"minecraft:glow_berries":3,"minecraft:amethyst_block":6,"minecraft:tropical_fish":1,"minecraft:leather_helmet":2,"minecraft:stick":2,"minecraft:dirt":21,"minecraft:wooden_axe":1,"minecraft:iron_pickaxe":1,"minecraft:spruce_sapling":1,"minecraft:smooth_basalt":9,"minecraft:gravel":1,"minecraft:moss_carpet":4,"minecraft:stone_axe":1,"minecraft:stone_sword":1,"minecraft:bowl":4,"minecraft:tuff":1,"minecraft:chicken":1,"minecraft:rotten_flesh":1,"minecraft:clay_ball":37,"minecraft:big_dripleaf":2,"minecraft:iron_chestplate":1,"minecraft:leather_boots":2,"minecraft:azalea":2,"minecraft:arrow":3,"minecraft:wooden_pickaxe":1,"minecraft:stone_pickaxe":1,"minecraft:calcite":13},"minecraft:killed":{"minecraft:spider":1,"minecraft:skeleton":3,"minecraft:chicken":1,"minecraft:pig":1,"minecraft:zombie_villager":1,"minecraft:iron_golem":1,"minecraft:sheep":3,"minecraft:zombie":3,"minecraft:cow":3}},"DataVersion":3955}