{"stats":{"minecraft:broken":{"minecraft:stone_pickaxe":1},"minecraft:killed":{"minecraft:sheep":6,"minecraft:zombie":1,"minecraft:cow":2},"minecraft:custom":{"minecraft:time_since_rest":17799,"minecraft:interact_with_furnace":17,"minecraft:sprint_one_cm":35049,"minecraft:damage_taken":165,"minecraft:walk_one_cm":31923,"minecraft:mob_kills":9,"minecraft:drop":3,"minecraft:damage_dealt":890,"minecraft:interact_with_crafting_table":11,"minecraft:swim_one_cm":25986,"minecraft:fly_one_cm":56898,"minecraft:crouch_one_cm":782,"minecraft:play_time":17799,"minecraft:sneak_time":409,"minecraft:walk_under_water_one_cm":923,"minecraft:jump":383,"minecraft:time_since_death":17799,"minecraft:walk_on_water_one_cm":4086,"minecraft:interact_with_smoker":7,"minecraft:total_world_time":17799,"minecraft:fall_one_cm":10665},"minecraft:picked_up":{"minecraft:raw_iron":9,"minecraft:stick":1,"minecraft:crafting_table":3,"minecraft:leather":2,"minecraft:smoker":1,"minecraft:porkchop":2,"minecraft:oak_log":38,"minecraft:lapis_lazuli":41,"minecraft:rotten_flesh":2,"minecraft:apple":1,"minecraft:wheat_seeds":2,"minecraft:beef":5,"minecraft:oak_sapling":2,"minecraft:sugar_cane":8,"minecraft:mutton":7,"minecraft:coal":143,"minecraft:white_wool":6,"minecraft:cobblestone":81,"minecraft:furnace":3},"minecraft:mined":{"minecraft:furnace":3,"minecraft:iron_ore":9,"minecraft:smoker":1,"minecraft:crafting_table":3,"minecraft:short_grass":3,"minecraft:coal_ore":72,"minecraft:oak_log":38,"minecraft:cobblestone":1,"minecraft:lapis_ore":6,"minecraft:stone":80,"minecraft:sugar_cane":5,"minecraft:oak_leaves":18},"minecraft:crafted":{"minecraft:cooked_beef":5,"minecraft:oak_planks":36,"minecraft:cooked_porkchop":2,"minecraft:shield":1,"minecraft:crafting_table":3,"minecraft:stick":8,"minecraft:iron_ingot":9,"minecraft:wooden_pickaxe":1,"minecraft:stone_pickaxe":2,"minecraft:stone_sword":1,"minecraft:furnace":3,"minecraft:bucket":1,"minecraft:stone_axe":1,"minecraft:air":0,"minecraft:cooked_mutton":7,"minecraft:smoker":1},"minecraft:dropped":{"minecraft:wheat_seeds":2,"minecraft:rotten_flesh":2},"minecraft:used":{"minecraft:stone_sword":20,"minecraft:stone_pickaxe":156,"minecraft:wooden_pickaxe":17,"minecraft:stone_axe":51,"minecraft:cobblestone":2,"minecraft:crafting_table":5,"minecraft:furnace":3,"minecraft:oak_sapling":2,"minecraft:bucket":1,"minecraft:salmon_bucket":1,"minecraft:cooked_beef":2,"minecraft:smoker":1}},"DataVersion":3955}