{"stats":{"minecraft:used":{"minecraft:wooden_pickaxe":30,"minecraft:stone_axe":36,"minecraft:sand":1,"minecraft:crafting_table":2,"minecraft:oak_sapling":3,"minecraft:smoker":1},"minecraft:picked_up":{"minecraft:stick":2,"minecraft:porkchop":17,"minecraft:sand":1,"minecraft:oak_log":24,"minecraft:wheat_seeds":1,"minecraft:oak_sapling":3,"minecraft:mutton":14,"minecraft:cobblestone":30,"minecraft:white_wool":8},"minecraft:mined":{"minecraft:short_grass":6,"minecraft:oak_log":24,"minecraft:sand":1,"minecraft:stone":30,"minecraft:oak_leaves":2},"minecraft:custom":{"minecraft:time_since_rest":7515,"minecraft:sprint_one_cm":19156,"minecraft:walk_one_cm":13804,"minecraft:mob_kills":15,"minecraft:drop":1,"minecraft:damage_dealt":1340,"minecraft:interact_with_crafting_table":3,"minecraft:fly_one_cm":39381,"minecraft:crouch_one_cm":271,"minecraft:play_time":7515,"minecraft:sneak_time":107,"minecraft:jump":168,"minecraft:leave_game":1,"minecraft:time_since_death":7515,"minecraft:total_world_time":7515,"minecraft:interact_with_smoker":7,"minecraft:fall_one_cm":5310},"minecraft:dropped":{"minecraft:wheat_seeds":1},"minecraft:killed":{"minecraft:sheep":8,"minecraft:pig":7},"minecraft:crafted":{"minecraft:oak_planks":80,"minecraft:cooked_porkchop":7,"minecraft:crafting_table":2,"minecraft:stick":8,"minecraft:wooden_pickaxe":1,"minecraft:stone_pickaxe":1,"minecraft:furnace":1,"minecraft:stone_axe":1,"minecraft:air":0,"minecraft:smoker":1}},"DataVersion":3955}