{"stats":{"minecraft:mined":{"minecraft:furnace":2,"minecraft:iron_ore":2,"minecraft:smoker":1,"minecraft:crafting_table":3,"minecraft:black_wool":2,"minecraft:short_grass":2,"minecraft:grass_block":2,"minecraft:oak_log":28,"minecraft:coal_ore":35,"minecraft:dirt":3,"minecraft:copper_ore":2,"minecraft:stone":62,"minecraft:oak_leaves":16},"minecraft:used":{"minecraft:black_wool":2,"minecraft:stone_pickaxe":101,"minecraft:wooden_pickaxe":3,"minecraft:stone_axe":47,"minecraft:golden_sword":9,"minecraft:dirt":2,"minecraft:crafting_table":4,"minecraft:furnace":2,"minecraft:golden_shovel":1,"minecraft:cooked_beef":2,"minecraft:smoker":1},"minecraft:custom":{"minecraft:time_since_rest":17468,"minecraft:interact_with_furnace":6,"minecraft:sprint_one_cm":39967,"minecraft:damage_taken":100,"minecraft:walk_one_cm":21347,"minecraft:mob_kills":11,"minecraft:drop":2,"minecraft:damage_dealt":1050,"minecraft:interact_with_crafting_table":15,"minecraft:swim_one_cm":6163,"minecraft:fly_one_cm":66010,"minecraft:open_chest":4,"minecraft:crouch_one_cm":928,"minecraft:play_time":17468,"minecraft:sneak_time":424,"minecraft:walk_under_water_one_cm":1039,"minecraft:jump":332,"minecraft:time_since_death":17468,"minecraft:walk_on_water_one_cm":2945,"minecraft:interact_with_smoker":7,"minecraft:total_world_time":17468,"minecraft:fall_one_cm":11340},"minecraft:crafted":{"minecraft:cooked_beef":7,"minecraft:oak_planks":96,"minecraft:shield":1,"minecraft:iron_nugget":9,"minecraft:crafting_table":1,"minecraft:stick":8,"minecraft:iron_ingot":3,"minecraft:wooden_pickaxe":1,"minecraft:stone_pickaxe":1,"minecraft:furnace":4,"minecraft:stone_axe":1,"minecraft:air":0,"minecraft:smoker":1},"minecraft:killed":{"minecraft:sheep":3,"minecraft:pig":1,"minecraft:cow":7},"minecraft:dropped":{"minecraft:iron_nugget":7,"minecraft:oak_planks":1},"minecraft:picked_up":{"minecraft:raw_iron":2,"minecraft:stick":1,"minecraft:crafting_table":3,"minecraft:leather":8,"minecraft:smoker":1,"minecraft:porkchop":1,"minecraft:oak_log":28,"minecraft:dirt":5,"minecraft:raw_copper":5,"minecraft:iron_ingot":1,"minecraft:beef":24,"minecraft:black_wool":3,"minecraft:mutton":5,"minecraft:oak_planks":1,"minecraft:coal":45,"minecraft:white_wool":3,"minecraft:cobblestone":61,"minecraft:furnace":2}},"DataVersion":3955}