{"stats":{"minecraft:picked_up":{"minecraft:crafting_table":4,"minecraft:leather":1,"minecraft:brown_wool":1,"minecraft:brown_mushroom":1,"minecraft:wooden_pickaxe":1,"minecraft:smoker":4,"minecraft:oak_log":36,"minecraft:string":2,"minecraft:dirt":12,"minecraft:apple":1,"minecraft:wheat_seeds":4,"minecraft:beef":9,"minecraft:light_gray_wool":3,"minecraft:stick":5,"minecraft:porkchop":14,"minecraft:white_bed":1,"minecraft:cobblestone":84,"minecraft:oak_sapling":7,"minecraft:mutton":28,"minecraft:black_wool":1,"minecraft:coal":66,"minecraft:white_wool":16},"minecraft:used":{"minecraft:cooked_mutton":4,"minecraft:stone_sword":90,"minecraft:stone_pickaxe":95,"minecraft:wooden_pickaxe":26,"minecraft:brown_mushroom":1,"minecraft:torch":1,"minecraft:dirt":5,"minecraft:crafting_table":5,"minecraft:white_bed":1,"minecraft:smoker":4,"minecraft:stone_axe":48,"minecraft:light_gray_wool":1,"minecraft:cobblestone":6,"minecraft:oak_sapling":7,"minecraft:cooked_beef":1},"minecraft:custom":{"minecraft:mob_kills":31,"minecraft:interact_with_crafting_table":8,"minecraft:time_since_death":17587,"minecraft:sleep_in_bed":1,"minecraft:climb_one_cm":42,"minecraft:time_since_rest":4968,"minecraft:sprint_one_cm":47369,"minecraft:damage_taken":270,"minecraft:walk_one_cm":32431,"minecraft:drop":13,"minecraft:damage_dealt":2760,"minecraft:fly_one_cm":83872,"minecraft:crouch_one_cm":267,"minecraft:play_time":17587,"minecraft:sneak_time":149,"minecraft:jump":528,"minecraft:walk_on_water_one_cm":884,"minecraft:total_world_time":17587,"minecraft:interact_with_smoker":33,"minecraft:fall_one_cm":17811},"minecraft:mined":{"minecraft:brown_mushroom":1,"minecraft:white_bed":1,"minecraft:oak_sapling":1,"minecraft:smoker":4,"minecraft:crafting_table":4,"minecraft:short_grass":21,"minecraft:grass_block":3,"minecraft:rose_bush":1,"minecraft:cobblestone":1,"minecraft:oak_log":36,"minecraft:coal_ore":28,"minecraft:dirt":9,"minecraft:stone":83,"minecraft:oak_leaves":16,"minecraft:fern":2},"minecraft:crafted":{"minecraft:cooked_beef":8,"minecraft:oak_planks":72,"minecraft:cooked_porkchop":14,"minecraft:crafting_table":1,"minecraft:wooden_pickaxe":1,"minecraft:furnace":3,"minecraft:stone_axe":1,"minecraft:cooked_mutton":27,"minecraft:air":0,"minecraft:stick":8,"minecraft:stone_pickaxe":1,"minecraft:stone_sword":1,"minecraft:white_bed":1,"minecraft:torch":24,"minecraft:smoker":3},"minecraft:dropped":{"minecraft:wheat_seeds":4,"minecraft:light_gray_wool":2,"minecraft:dirt":7,"minecraft:mutton":1,"minecraft:brown_wool":1,"minecraft:beef":1,"minecraft:wooden_pickaxe":2,"minecraft:black_wool":1},"minecraft:killed":{"minecraft:pig":6,"minecraft:spider":1,"minecraft:sheep":20,"minecraft:cow":4}},"DataVersion":3955}