{"stats":{"minecraft:picked_up":{"minecraft:crafting_table":4,"minecraft:leather":1,"minecraft:brown_wool":1,"minecraft:brown_mushroom":1,"minecraft:wooden_pickaxe":1,"minecraft:smoker":4,"minecraft:oak_log":36,"minecraft:string":2,"minecraft:dirt":12,"minecraft:apple":1,"minecraft:wheat_seeds":4,"minecraft:beef":9,"minecraft:light_gray_wool":3,"minecraft:furnace":1,"minecraft:stick":5,"minecraft:raw_iron":3,"minecraft:torch":2,"minecraft:porkchop":21,"minecraft:white_bed":1,"minecraft:cobblestone":99,"minecraft:oak_sapling":7,"minecraft:mutton":29,"minecraft:black_wool":1,"minecraft:coal":164,"minecraft:white_wool":17},"minecraft:used":{"minecraft:cooked_mutton":4,"minecraft:stone_sword":102,"minecraft:stone_pickaxe":165,"minecraft:wooden_pickaxe":26,"minecraft:brown_mushroom":1,"minecraft:torch":23,"minecraft:dirt":5,"minecraft:crafting_table":6,"minecraft:white_bed":1,"minecraft:smoker":4,"minecraft:stone_axe":48,"minecraft:light_gray_wool":1,"minecraft:cobblestone":27,"minecraft:furnace":1,"minecraft:oak_sapling":7,"minecraft:cooked_porkchop":2,"minecraft:cooked_beef":2},"minecraft:custom":{"minecraft:interact_with_furnace":2,"minecraft:mob_kills":36,"minecraft:interact_with_crafting_table":12,"minecraft:time_since_death":29587,"minecraft:sleep_in_bed":1,"minecraft:climb_one_cm":42,"minecraft:time_since_rest":16968,"minecraft:sprint_one_cm":72619,"minecraft:damage_taken":582,"minecraft:walk_one_cm":44418,"minecraft:drop":13,"minecraft:damage_dealt":3180,"minecraft:swim_one_cm":2671,"minecraft:fly_one_cm":141004,"minecraft:crouch_one_cm":567,"minecraft:play_time":29587,"minecraft:sneak_time":316,"minecraft:walk_under_water_one_cm":40,"minecraft:jump":805,"minecraft:walk_on_water_one_cm":1046,"minecraft:total_world_time":29587,"minecraft:interact_with_smoker":33,"minecraft:fall_one_cm":27336},"minecraft:mined":{"minecraft:brown_mushroom":1,"minecraft:white_bed":1,"minecraft:oak_sapling":1,"minecraft:smoker":4,"minecraft:crafting_table":4,"minecraft:torch":2,"minecraft:short_grass":26,"minecraft:grass_block":3,"minecraft:rose_bush":1,"minecraft:tall_grass":1,"minecraft:cobblestone":5,"minecraft:furnace":1,"minecraft:iron_ore":3,"minecraft:oak_log":36,"minecraft:coal_ore":79,"minecraft:dirt":9,"minecraft:stone":94,"minecraft:oak_leaves":16,"minecraft:fern":2},"minecraft:crafted":{"minecraft:cooked_beef":8,"minecraft:oak_planks":72,"minecraft:cooked_porkchop":14,"minecraft:crafting_table":2,"minecraft:wooden_pickaxe":1,"minecraft:furnace":4,"minecraft:stone_axe":1,"minecraft:cooked_mutton":27,"minecraft:air":0,"minecraft:shield":1,"minecraft:stick":12,"minecraft:iron_ingot":1,"minecraft:stone_pickaxe":2,"minecraft:stone_sword":1,"minecraft:white_bed":1,"minecraft:torch":24,"minecraft:smoker":3},"minecraft:dropped":{"minecraft:wheat_seeds":4,"minecraft:light_gray_wool":2,"minecraft:dirt":7,"minecraft:mutton":1,"minecraft:brown_wool":1,"minecraft:beef":1,"minecraft:wooden_pickaxe":2,"minecraft:black_wool":1},"minecraft:killed":{"minecraft:pig":9,"minecraft:spider":1,"minecraft:sheep":21,"minecraft:zombie":1,"minecraft:cow":4},"minecraft:broken":{"minecraft:stone_pickaxe":1}},"DataVersion":3955}