{"stats":{"minecraft:picked_up":{"minecraft:crafting_table":4,"minecraft:brown_wool":1,"minecraft:leather":1,"minecraft:brown_mushroom":1,"minecraft:wooden_pickaxe":1,"minecraft:smoker":7,"minecraft:oak_log":36,"minecraft:dirt":12,"minecraft:string":2,"minecraft:apple":1,"minecraft:wheat_seeds":4,"minecraft:beef":9,"minecraft:light_gray_wool":3,"minecraft:furnace":1,"minecraft:stick":5,"minecraft:raw_iron":5,"minecraft:torch":2,"minecraft:porkchop":21,"minecraft:white_bed":1,"minecraft:granite":2,"minecraft:oak_sapling":7,"minecraft:mutton":29,"minecraft:black_wool":1,"minecraft:coal":226,"minecraft:white_wool":17,"minecraft:cobblestone":101},"minecraft:used":{"minecraft:cooked_mutton":4,"minecraft:stone_sword":106,"minecraft:stone_pickaxe":175,"minecraft:wooden_pickaxe":26,"minecraft:shield":2,"minecraft:brown_mushroom":1,"minecraft:torch":30,"minecraft:dirt":5,"minecraft:crafting_table":6,"minecraft:white_bed":1,"minecraft:smoker":7,"minecraft:stone_axe":48,"minecraft:light_gray_wool":1,"minecraft:cobblestone":35,"minecraft:furnace":1,"minecraft:oak_sapling":7,"minecraft:cooked_porkchop":3,"minecraft:cooked_beef":2},"minecraft:custom":{"minecraft:interact_with_furnace":2,"minecraft:mob_kills":37,"minecraft:interact_with_crafting_table":12,"minecraft:leave_game":2,"minecraft:time_since_death":0,"minecraft:sleep_in_bed":1,"minecraft:climb_one_cm":42,"minecraft:time_since_rest":649,"minecraft:sprint_one_cm":74855,"minecraft:damage_taken":920,"minecraft:walk_one_cm":49677,"minecraft:damage_blocked_by_shield":45,"minecraft:drop":14,"minecraft:damage_dealt":3392,"minecraft:swim_one_cm":2671,"minecraft:fly_one_cm":144851,"minecraft:crouch_one_cm":1645,"minecraft:play_time":42514,"minecraft:deaths":1,"minecraft:sneak_time":659,"minecraft:walk_under_water_one_cm":40,"minecraft:jump":827,"minecraft:walk_on_water_one_cm":1046,"minecraft:interact_with_smoker":47,"minecraft:total_world_time":42514,"minecraft:fall_one_cm":29188},"minecraft:mined":{"minecraft:brown_mushroom":1,"minecraft:white_bed":1,"minecraft:oak_sapling":1,"minecraft:smoker":7,"minecraft:crafting_table":4,"minecraft:torch":2,"minecraft:granite":2,"minecraft:short_grass":26,"minecraft:grass_block":3,"minecraft:rose_bush":1,"minecraft:tall_grass":1,"minecraft:cobblestone":7,"minecraft:furnace":1,"minecraft:iron_ore":5,"minecraft:oak_log":36,"minecraft:coal_ore":79,"minecraft:dirt":9,"minecraft:stone":94,"minecraft:oak_leaves":16,"minecraft:fern":2},"minecraft:crafted":{"minecraft:cooked_beef":8,"minecraft:oak_planks":72,"minecraft:cooked_porkchop":21,"minecraft:crafting_table":2,"minecraft:wooden_pickaxe":1,"minecraft:furnace":4,"minecraft:stone_axe":1,"minecraft:cooked_mutton":28,"minecraft:air":0,"minecraft:shield":1,"minecraft:stick":24,"minecraft:iron_ingot":1,"minecraft:stone_pickaxe":2,"minecraft:stone_sword":1,"minecraft:white_bed":1,"minecraft:torch":80,"minecraft:smoker":3},"minecraft:dropped":{"minecraft:wheat_seeds":4,"minecraft:light_gray_wool":2,"minecraft:granite":2,"minecraft:dirt":7,"minecraft:mutton":1,"minecraft:brown_wool":1,"minecraft:wooden_pickaxe":2,"minecraft:beef":1,"minecraft:black_wool":1},"minecraft:killed":{"minecraft:pig":9,"minecraft:spider":1,"minecraft:sheep":21,"minecraft:zombie":2,"minecraft:cow":4},"minecraft:broken":{"minecraft:stone_pickaxe":1},"minecraft:killed_by":{"minecraft:skeleton":1}},"DataVersion":3955}