{"stats":{"minecraft:broken":{"minecraft:stone_pickaxe":1},"minecraft:killed":{"minecraft:pig":11,"minecraft:spider":2,"minecraft:skeleton":1,"minecraft:sheep":24,"minecraft:zombie":3,"minecraft:cow":6},"minecraft:custom":{"minecraft:interact_with_furnace":17,"minecraft:mob_kills":47,"minecraft:interact_with_crafting_table":16,"minecraft:time_since_death":29799,"minecraft:time_since_rest":29799,"minecraft:sprint_one_cm":71862,"minecraft:damage_taken":740,"minecraft:walk_one_cm":53726,"minecraft:damage_blocked_by_shield":240,"minecraft:drop":15,"minecraft:damage_dealt":4759,"minecraft:swim_one_cm":27882,"minecraft:fly_one_cm":157501,"minecraft:open_chest":1,"minecraft:crouch_one_cm":1040,"minecraft:play_time":29799,"minecraft:sneak_time":556,"minecraft:walk_under_water_one_cm":1506,"minecraft:jump":832,"minecraft:walk_on_water_one_cm":6874,"minecraft:total_world_time":29799,"minecraft:interact_with_smoker":31,"minecraft:fall_one_cm":25251},"minecraft:picked_up":{"minecraft:crafting_table":4,"minecraft:water_bucket":1,"minecraft:leather":6,"minecraft:smoker":5,"minecraft:gold_block":1,"minecraft:oak_log":46,"minecraft:lapis_lazuli":41,"minecraft:dirt":2,"minecraft:string":3,"minecraft:bone":2,"minecraft:apple":2,"minecraft:wheat_seeds":4,"minecraft:beef":15,"minecraft:light_gray_wool":1,"minecraft:sugar_cane":24,"minecraft:furnace":3,"minecraft:stick":1,"minecraft:raw_iron":9,"minecraft:cooked_porkchop":3,"minecraft:porkchop":28,"minecraft:spider_eye":1,"minecraft:arrow":2,"minecraft:rotten_flesh":2,"minecraft:gray_wool":3,"minecraft:oak_sapling":2,"minecraft:mutton":36,"minecraft:coal":173,"minecraft:cobblestone":81,"minecraft:white_wool":20},"minecraft:mined":{"minecraft:smoker":5,"minecraft:crafting_table":4,"minecraft:short_grass":21,"minecraft:grass_block":1,"minecraft:cobblestone":1,"minecraft:lapis_ore":6,"minecraft:sugar_cane":12,"minecraft:furnace":3,"minecraft:iron_ore":9,"minecraft:gold_block":1,"minecraft:oak_log":46,"minecraft:coal_ore":72,"minecraft:dirt":1,"minecraft:stone":80,"minecraft:oak_leaves":25},"minecraft:crafted":{"minecraft:cooked_beef":15,"minecraft:oak_planks":40,"minecraft:cooked_porkchop":21,"minecraft:crafting_table":5,"minecraft:wooden_pickaxe":1,"minecraft:iron_sword":1,"minecraft:furnace":3,"minecraft:bucket":1,"minecraft:stone_axe":1,"minecraft:cooked_mutton":36,"minecraft:air":0,"minecraft:shield":1,"minecraft:stick":16,"minecraft:iron_ingot":9,"minecraft:iron_pickaxe":1,"minecraft:stone_pickaxe":2,"minecraft:stone_sword":1,"minecraft:white_bed":1,"minecraft:torch":20,"minecraft:smoker":3},"minecraft:dropped":{"minecraft:water_bucket":1,"minecraft:wheat_seeds":4,"minecraft:stone_sword":1,"minecraft:rotten_flesh":2,"minecraft:light_gray_wool":1,"minecraft:gray_wool":3,"minecraft:spider_eye":1,"minecraft:arrow":2,"minecraft:stone_pickaxe":1,"minecraft:wooden_pickaxe":1},"minecraft:used":{"minecraft:cooked_mutton":8,"minecraft:stone_sword":68,"minecraft:stone_pickaxe":156,"minecraft:wooden_pickaxe":17,"minecraft:shield":6,"minecraft:iron_sword":59,"minecraft:dirt":2,"minecraft:crafting_table":8,"minecraft:salmon_bucket":1,"minecraft:smoker":5,"minecraft:iron_pickaxe":5,"minecraft:stone_axe":67,"minecraft:cobblestone":2,"minecraft:oak_sapling":2,"minecraft:furnace":3,"minecraft:cooked_porkchop":1,"minecraft:bucket":2,"minecraft:cooked_beef":2}},"DataVersion":3955}