{"stats":{"minecraft:mined":{"minecraft:brown_mushroom":3,"minecraft:spruce_leaves":5,"minecraft:spruce_log":18,"minecraft:stone":38,"minecraft:sugar_cane":3,"minecraft:crafting_table":1,"minecraft:fern":4},"minecraft:custom":{"minecraft:time_since_rest":5290,"minecraft:crouch_one_cm":50,"minecraft:play_time":5290,"minecraft:sprint_one_cm":8312,"minecraft:walk_one_cm":7700,"minecraft:sneak_time":10,"minecraft:walk_under_water_one_cm":433,"minecraft:drop":3,"minecraft:jump":74,"minecraft:walk_on_water_one_cm":856,"minecraft:time_since_death":5290,"minecraft:total_world_time":5290,"minecraft:swim_one_cm":5009,"minecraft:interact_with_crafting_table":4,"minecraft:fall_one_cm":1581,"minecraft:fly_one_cm":12134},"minecraft:used":{"minecraft:stone_axe":20,"minecraft:crafting_table":2,"minecraft:stone_pickaxe":39,"minecraft:wooden_pickaxe":3,"minecraft:spruce_sapling":1},"minecraft:crafted":{"minecraft:stone_axe":1,"minecraft:crafting_table":2,"minecraft:spruce_planks":52,"minecraft:stick":8,"minecraft:wooden_pickaxe":1,"minecraft:stone_pickaxe":1},"minecraft:picked_up":{"minecraft:crafting_table":1,"minecraft:wheat_seeds":1,"minecraft:brown_mushroom":3,"minecraft:wooden_pickaxe":1,"minecraft:spruce_sapling":1,"minecraft:spruce_log":18,"minecraft:sugar_cane":6,"minecraft:cobblestone":38},"minecraft:dropped":{"minecraft:wheat_seeds":1,"minecraft:wooden_pickaxe":2}},"DataVersion":3955}